Date,City,Product Category,Units Sold,Revenue,Profit
02/01/2024,Sargodha,Groceries,32,7840,1256
02/01/2024,Peshawar,Cosmetics,43,16856,3444
02/01/2024,Faisalabad,Cosmetics,8,3224,668
04/01/2024,Peshawar,Groceries,11,4433,1034
05/01/2024,Multan,Home Application,7,2625,661
06/01/2024,Multan,Clothing,47,10387,2984
09/01/2024,Karachi,Footwear,2,870,90
09/01/2024,Faisalabad,Groceries,21,4599,752
13/01/2024,Multan,Groceries,1,368,65
13/01/2024,Islamabad,Clothing,49,22001,5678
14/01/2024,Peshawar,Electronics,27,10368,1410
15/01/2024,Sargodha,Clothing,11,2706,632
15/01/2024,Karachi,Electronics,43,13459,3536
17/01/2024,Karachi,Clothing,49,15190,2225
18/01/2024,Lahore,Clothing,9,3438,395
20/01/2024,Lahore,Clothing,19,9386,1546
21/01/2024,Karachi,Cosmetics,15,7215,862
21/01/2024,Karachi,Electronics,27,7965,2368
22/01/2024,Faisalabad,Footwear,10,3300,626
22/01/2024,Rawalpindi,Clothing,34,14688,3874
26/01/2024,Multan,Groceries,49,18424,2758
27/01/2024,Multan,Electronics,28,8988,1760
28/01/2024,Peshawar,Footwear,10,2880,794
28/01/2024,Peshawar,Footwear,16,3680,662
29/01/2024,Islamabad,Footwear,49,12642,3678
02/02/2024,Islamabad,Footwear,27,11448,1468
02/02/2024,Peshawar,Groceries,26,8372,1924
04/02/2024,Sargodha,Groceries,40,18520,2303
04/02/2024,Karachi,Electronics,8,2728,282
04/02/2024,Karachi,Groceries,17,7820,1477
05/02/2024,Karachi,Electronics,16,4240,585
05/02/2024,Islamabad,Home Application,7,1806,417
06/02/2024,Faisalabad,Cosmetics,5,2480,670
06/02/2024,Multan,Electronics,9,3645,452
07/02/2024,Peshawar,Groceries,7,2471,323
08/02/2024,Islamabad,Cosmetics,38,15466,2669
08/02/2024,Multan,Footwear,19,4161,563
10/02/2024,Peshawar,Electronics,9,2871,805
10/02/2024,Faisalabad,Cosmetics,41,18860,5435
11/02/2024,Faisalabad,Footwear,26,10998,1428
13/02/2024,Lahore,Footwear,33,16302,4020
13/02/2024,Multan,Footwear,19,6821,1805
14/02/2024,Multan,Electronics,49,16268,3359
15/02/2024,Islamabad,Cosmetics,34,13838,3029
17/02/2024,Multan,Home Application,11,2508,416
18/02/2024,Karachi,Home Application,36,10188,2050
18/02/2024,Sargodha,Footwear,31,7378,1605
19/02/2024,Karachi,Footwear,26,12792,2763
20/02/2024,Karachi,Clothing,8,3408,704
20/02/2024,Sargodha,Electronics,18,7632,991
20/02/2024,Sargodha,Cosmetics,17,6205,1332
21/02/2024,Faisalabad,Cosmetics,20,8720,2175
21/02/2024,Karachi,Groceries,24,5064,1186
22/02/2024,Multan,Home Application,16,4112,528
22/02/2024,Multan,Cosmetics,31,12927,3280
22/02/2024,Faisalabad,Electronics,10,4650,1105
23/02/2024,Sargodha,Home Application,4,1616,441
23/02/2024,Peshawar,Electronics,12,3264,550
23/02/2024,Sargodha,Clothing,32,13632,1991
23/02/2024,Lahore,Groceries,17,4777,648
24/02/2024,Islamabad,Clothing,29,6757,1629
27/02/2024,Lahore,Electronics,1,410,98
28/02/2024,Rawalpindi,Home Application,47,10058,2914
29/02/2024,Multan,Groceries,23,5129,514
02/03/2024,Multan,Groceries,45,19530,4222
02/03/2024,Faisalabad,Cosmetics,38,12768,2886
03/03/2024,Rawalpindi,Clothing,21,8085,1206
03/03/2024,Faisalabad,Footwear,15,4485,667
03/03/2024,Karachi,Home Application,23,6003,709
05/03/2024,Peshawar,Home Application,1,376,64
06/03/2024,Islamabad,Cosmetics,30,11610,2717
08/03/2024,Islamabad,Electronics,23,6555,1313
12/03/2024,Lahore,Clothing,8,1720,196
15/03/2024,Karachi,Groceries,34,16082,1811
21/03/2024,Sargodha,Electronics,47,16215,4777
21/03/2024,Rawalpindi,Footwear,40,16600,2022
21/03/2024,Lahore,Electronics,33,12903,1897
26/03/2024,Rawalpindi,Groceries,19,7410,1656
28/03/2024,Faisalabad,Cosmetics,39,8034,956
29/03/2024,Karachi,Footwear,26,11544,2632
01/04/2024,Lahore,Electronics,38,14288,2800
01/04/2024,Lahore,Footwear,23,10741,1166
04/04/2024,Rawalpindi,Electronics,19,4009,711
05/04/2024,Karachi,Cosmetics,41,20008,4864
05/04/2024,Lahore,Clothing,7,2765,584
06/04/2024,Islamabad,Electronics,29,12615,2187
06/04/2024,Faisalabad,Footwear,1,208,58
07/04/2024,Rawalpindi,Footwear,19,5377,823
08/04/2024,Sargodha,Clothing,18,6642,1170
08/04/2024,Multan,Groceries,35,7840,1669
08/04/2024,Lahore,Cosmetics,42,12642,2553
08/04/2024,Multan,Footwear,24,4848,1334
08/04/2024,Sargodha,Footwear,25,5200,1319
08/04/2024,Faisalabad,Electronics,44,12232,2777
09/04/2024,Multan,Cosmetics,27,9072,2090
10/04/2024,Lahore,Clothing,44,14212,3090
10/04/2024,Rawalpindi,Cosmetics,37,15133,2796
12/04/2024,Peshawar,Home Application,6,1350,306
12/04/2024,Peshawar,Clothing,47,13395,2425
13/04/2024,Sargodha,Home Application,30,6690,1544
13/04/2024,Faisalabad,Footwear,37,13505,1965
15/04/2024,Rawalpindi,Footwear,26,8814,1820
16/04/2024,Peshawar,Footwear,7,3255,594
17/04/2024,Karachi,Clothing,40,8880,2623
21/04/2024,Faisalabad,Clothing,46,17480,4621
21/04/2024,Faisalabad,Cosmetics,21,10248,1515
22/04/2024,Sargodha,Groceries,23,6762,835
22/04/2024,Rawalpindi,Footwear,47,22748,4426
22/04/2024,Islamabad,Electronics,3,1407,184
22/04/2024,Rawalpindi,Clothing,47,14993,1948
22/04/2024,Lahore,Home Application,1,391,96
23/04/2024,Peshawar,Electronics,25,10025,1445
25/04/2024,Islamabad,Electronics,45,21420,2824
25/04/2024,Lahore,Groceries,17,5457,777
25/04/2024,Karachi,Footwear,1,245,29
29/04/2024,Multan,Home Application,26,10608,2352
30/04/2024,Karachi,Home Application,4,848,157
01/05/2024,Sargodha,Clothing,29,13021,2846
02/05/2024,Peshawar,Clothing,10,3560,939
03/05/2024,Lahore,Clothing,2,440,98
04/05/2024,Rawalpindi,Groceries,41,11726,3074
05/05/2024,Peshawar,Footwear,46,15318,3468
06/05/2024,Rawalpindi,Groceries,37,15022,3678
07/05/2024,Faisalabad,Clothing,37,17390,3055
07/05/2024,Peshawar,Cosmetics,6,1206,295
07/05/2024,Peshawar,Cosmetics,2,636,85
07/05/2024,Sargodha,Footwear,47,21479,5584
08/05/2024,Rawalpindi,Electronics,34,8806,1468
08/05/2024,Faisalabad,Cosmetics,46,11960,3572
09/05/2024,Rawalpindi,Clothing,43,11954,1335
09/05/2024,Karachi,Home Application,34,12342,1675
10/05/2024,Multan,Home Application,43,11653,1764
10/05/2024,Rawalpindi,Cosmetics,24,5688,760
10/05/2024,Sargodha,Footwear,12,5616,1189
10/05/2024,Multan,Cosmetics,38,10678,2900
13/05/2024,Faisalabad,Groceries,29,7076,834
14/05/2024,Faisalabad,Home Application,2,946,101
14/05/2024,Multan,Groceries,27,10827,2543
14/05/2024,Multan,Footwear,26,6942,1135
15/05/2024,Rawalpindi,Electronics,36,13572,3400
16/05/2024,Sargodha,Cosmetics,32,13504,1357
18/05/2024,Karachi,Cosmetics,1,344,54
19/05/2024,Sargodha,Footwear,14,5894,1040
21/05/2024,Sargodha,Home Application,21,9345,1306
22/05/2024,Sargodha,Groceries,17,5508,622
22/05/2024,Lahore,Footwear,28,10276,2871
23/05/2024,Islamabad,Cosmetics,10,2490,453
23/05/2024,Multan,Electronics,36,14184,2556
26/05/2024,Peshawar,Home Application,39,14235,2117
26/05/2024,Sargodha,Cosmetics,3,1086,256
26/05/2024,Faisalabad,Footwear,21,5040,1336
27/05/2024,Islamabad,Footwear,11,2827,645
27/05/2024,Faisalabad,Clothing,23,11040,1614
29/05/2024,Faisalabad,Groceries,33,13926,1418
30/05/2024,Multan,Groceries,35,10220,1203
30/05/2024,Multan,Footwear,3,876,236
31/05/2024,Rawalpindi,Electronics,29,12006,2159
31/05/2024,Multan,Footwear,23,9683,1667
31/05/2024,Islamabad,Groceries,46,12098,3116
01/06/2024,Multan,Groceries,36,16776,4447
01/06/2024,Lahore,Clothing,25,12025,1508
03/06/2024,Multan,Electronics,44,18128,4685
05/06/2024,Multan,Clothing,22,5566,1477
06/06/2024,Peshawar,Clothing,35,9905,1232
06/06/2024,Lahore,Cosmetics,45,14175,1482
08/06/2024,Faisalabad,Electronics,32,15264,3877
08/06/2024,Sargodha,Groceries,21,10164,2390
08/06/2024,Faisalabad,Groceries,32,14976,2088
08/06/2024,Multan,Electronics,40,18880,5566
09/06/2024,Islamabad,Home Application,29,7859,1583
09/06/2024,Multan,Footwear,10,3870,729
09/06/2024,Islamabad,Footwear,34,14858,3327
09/06/2024,Karachi,Home Application,12,3348,597
10/06/2024,Rawalpindi,Footwear,47,9870,1308
11/06/2024,Multan,Home Application,15,3030,697
11/06/2024,Rawalpindi,Home Application,37,10175,2618
13/06/2024,Karachi,Home Application,10,3620,735
15/06/2024,Karachi,Electronics,36,8568,1253
17/06/2024,Lahore,Groceries,38,13642,2910
18/06/2024,Islamabad,Footwear,37,12987,2304
18/06/2024,Faisalabad,Clothing,36,7308,1100
18/06/2024,Faisalabad,Cosmetics,29,5974,1708
19/06/2024,Multan,Clothing,40,11640,1330
20/06/2024,Islamabad,Clothing,39,17550,2036
20/06/2024,Faisalabad,Groceries,4,900,139
20/06/2024,Karachi,Clothing,27,5616,1178
20/06/2024,Islamabad,Clothing,33,8547,1153
21/06/2024,Sargodha,Footwear,24,11064,2476
22/06/2024,Peshawar,Groceries,40,10320,1504
23/06/2024,Faisalabad,Clothing,29,8903,1525
24/06/2024,Peshawar,Groceries,12,5028,987
24/06/2024,Rawalpindi,Home Application,40,19520,2780
27/06/2024,Rawalpindi,Cosmetics,28,8792,1805
28/06/2024,Multan,Electronics,8,3344,536
29/06/2024,Faisalabad,Electronics,20,5720,989
02/07/2024,Lahore,Clothing,7,3388,570
04/07/2024,Islamabad,Home Application,12,2484,678
05/07/2024,Lahore,Groceries,30,11400,1584
05/07/2024,Faisalabad,Home Application,1,283,53
05/07/2024,Islamabad,Groceries,28,10472,2868
06/07/2024,Peshawar,Clothing,40,8160,1796
06/07/2024,Rawalpindi,Groceries,45,18405,3163
06/07/2024,Sargodha,Home Application,43,19006,2630
07/07/2024,Faisalabad,Cosmetics,42,16716,3133
08/07/2024,Karachi,Electronics,15,3225,713
08/07/2024,Rawalpindi,Cosmetics,49,10339,2675
08/07/2024,Sargodha,Electronics,5,1355,401
08/07/2024,Karachi,Groceries,26,11414,2629
09/07/2024,Sargodha,Home Application,45,15570,3066
09/07/2024,Multan,Groceries,18,4680,602
10/07/2024,Faisalabad,Footwear,22,7722,1135
10/07/2024,Islamabad,Electronics,11,4147,811
12/07/2024,Peshawar,Home Application,34,9758,2680
13/07/2024,Multan,Footwear,31,13671,2823
16/07/2024,Multan,Home Application,14,2842,536
16/07/2024,Lahore,Electronics,3,648,79
16/07/2024,Lahore,Cosmetics,48,10608,2430
17/07/2024,Sargodha,Electronics,20,4220,583
19/07/2024,Islamabad,Home Application,18,5238,884
19/07/2024,Sargodha,Home Application,41,12177,3334
20/07/2024,Multan,Footwear,40,10440,1437
21/07/2024,Islamabad,Footwear,18,8460,873
24/07/2024,Lahore,Groceries,23,8211,1352
25/07/2024,Sargodha,Groceries,29,8120,2297
26/07/2024,Karachi,Cosmetics,22,6952,824
26/07/2024,Karachi,Groceries,42,18564,2763
26/07/2024,Karachi,Home Application,25,6125,1316
31/07/2024,Faisalabad,Electronics,8,2096,217
01/08/2024,Islamabad,Home Application,27,6048,1265
02/08/2024,Islamabad,Electronics,8,1912,382
02/08/2024,Peshawar,Cosmetics,33,15477,3341
02/08/2024,Peshawar,Footwear,48,22032,3328
03/08/2024,Karachi,Clothing,2,788,175
04/08/2024,Lahore,Electronics,29,13282,3441
05/08/2024,Faisalabad,Electronics,6,1734,347
05/08/2024,Multan,Footwear,25,9925,2858
05/08/2024,Lahore,Groceries,37,15725,3450
07/08/2024,Lahore,Home Application,35,15750,2559
07/08/2024,Sargodha,Footwear,40,8240,2104
09/08/2024,Islamabad,Footwear,49,22589,4614
10/08/2024,Faisalabad,Footwear,40,19960,3055
11/08/2024,Rawalpindi,Home Application,14,3192,726
12/08/2024,Multan,Clothing,30,14820,2031
12/08/2024,Multan,Clothing,19,5187,1134
12/08/2024,Sargodha,Clothing,32,7424,1124
13/08/2024,Faisalabad,Clothing,46,15732,2560
14/08/2024,Rawalpindi,Groceries,43,18275,1881
14/08/2024,Karachi,Clothing,18,7488,1267
17/08/2024,Faisalabad,Cosmetics,10,3020,437
18/08/2024,Karachi,Clothing,28,7728,1229
18/08/2024,Faisalabad,Clothing,20,8300,2195
18/08/2024,Lahore,Electronics,9,4212,790
18/08/2024,Faisalabad,Clothing,7,1673,299
20/08/2024,Karachi,Home Application,45,19215,4754
20/08/2024,Peshawar,Home Application,8,2832,745
20/08/2024,Karachi,Clothing,22,7172,1116
20/08/2024,Multan,Electronics,29,12789,1933
21/08/2024,Multan,Home Application,34,14382,3298
23/08/2024,Sargodha,Home Application,38,14060,1816
24/08/2024,Rawalpindi,Footwear,49,14994,3991
24/08/2024,Lahore,Home Application,22,7612,1417
25/08/2024,Multan,Home Application,12,3312,545
27/08/2024,Peshawar,Clothing,19,4294,941
28/08/2024,Rawalpindi,Electronics,17,4063,853
29/08/2024,Sargodha,Home Application,5,2355,277
30/08/2024,Lahore,Electronics,23,8487,1131
31/08/2024,Lahore,Groceries,47,21150,4003
02/09/2024,Rawalpindi,Home Application,34,6902,1416
03/09/2024,Sargodha,Groceries,31,9238,1747
03/09/2024,Faisalabad,Footwear,44,10956,3208
08/09/2024,Faisalabad,Cosmetics,42,8988,1386
08/09/2024,Multan,Home Application,4,1032,240
08/09/2024,Faisalabad,Home Application,17,6341,850
08/09/2024,Multan,Electronics,14,6454,1831
09/09/2024,Lahore,Electronics,43,10922,2740
09/09/2024,Peshawar,Footwear,33,16236,3797
10/09/2024,Karachi,Home Application,6,1260,222
10/09/2024,Lahore,Home Application,17,5984,1167
11/09/2024,Rawalpindi,Cosmetics,24,5664,1181
11/09/2024,Lahore,Home Application,7,1918,423
12/09/2024,Multan,Home Application,9,3348,534
13/09/2024,Multan,Electronics,25,11250,2571
14/09/2024,Faisalabad,Electronics,27,12744,2800
15/09/2024,Karachi,Electronics,29,9048,1581
15/09/2024,Lahore,Electronics,20,9120,1040
16/09/2024,Lahore,Footwear,13,5018,628
17/09/2024,Faisalabad,Groceries,47,20022,5709
19/09/2024,Lahore,Footwear,24,5424,1361
20/09/2024,Sargodha,Electronics,26,7514,2153
20/09/2024,Karachi,Clothing,6,1212,287
20/09/2024,Peshawar,Clothing,31,11935,2696
21/09/2024,Sargodha,Groceries,20,8700,1050
23/09/2024,Multan,Cosmetics,44,15136,3271
24/09/2024,Karachi,Groceries,25,7600,1211
24/09/2024,Multan,Footwear,23,9016,2361
26/09/2024,Sargodha,Clothing,43,18275,4499
27/09/2024,Multan,Electronics,36,9036,2645
27/09/2024,Multan,Footwear,24,8640,1520
27/09/2024,Karachi,Cosmetics,3,1461,296
29/09/2024,Multan,Footwear,44,15752,2850
30/09/2024,Multan,Groceries,36,8208,906
03/10/2024,Faisalabad,Home Application,2,610,135
03/10/2024,Peshawar,Cosmetics,2,614,170
03/10/2024,Karachi,Groceries,22,7634,1587
06/10/2024,Multan,Groceries,42,13860,2031
06/10/2024,Peshawar,Electronics,33,12771,1278
06/10/2024,Peshawar,Groceries,23,7567,2127
06/10/2024,Peshawar,Home Application,9,3960,486
07/10/2024,Sargodha,Home Application,9,4383,1124
09/10/2024,Rawalpindi,Clothing,49,23667,6377
09/10/2024,Lahore,Cosmetics,21,7833,1684
09/10/2024,Karachi,Footwear,38,16074,4558
10/10/2024,Sargodha,Groceries,30,13440,3273
10/10/2024,Sargodha,Home Application,36,16596,4412
10/10/2024,Karachi,Home Application,32,11328,2318
12/10/2024,Peshawar,Home Application,43,13846,1770
12/10/2024,Karachi,Groceries,1,238,30
14/10/2024,Karachi,Home Application,39,17238,2323
14/10/2024,Peshawar,Electronics,6,1302,298
15/10/2024,Karachi,Clothing,42,12222,2193
15/10/2024,Sargodha,Home Application,21,7539,1908
19/10/2024,Faisalabad,Home Application,7,2975,633
20/10/2024,Sargodha,Electronics,4,1432,211
20/10/2024,Lahore,Groceries,33,16071,2691
21/10/2024,Lahore,Electronics,8,1768,448
22/10/2024,Islamabad,Home Application,37,12839,2245
24/10/2024,Islamabad,Clothing,22,4554,1331
25/10/2024,Multan,Cosmetics,38,18696,3194
27/10/2024,Lahore,Clothing,23,9522,2051
28/10/2024,Faisalabad,Electronics,47,9917,2187
30/10/2024,Multan,Clothing,21,7560,1705
30/10/2024,Rawalpindi,Footwear,17,3638,1078
30/10/2024,Sargodha,Home Application,9,3717,871
30/10/2024,Multan,Cosmetics,29,12238,3556
30/10/2024,Sargodha,Groceries,44,17512,2573
01/11/2024,Islamabad,Home Application,10,3040,558
02/11/2024,Islamabad,Electronics,45,15300,3182
02/11/2024,Karachi,Electronics,46,19872,5142
03/11/2024,Rawalpindi,Footwear,5,2365,261
04/11/2024,Faisalabad,Home Application,37,11174,2432
05/11/2024,Rawalpindi,Home Application,40,19680,2490
05/11/2024,Multan,Electronics,17,4080,540
08/11/2024,Lahore,Cosmetics,12,5124,1210
09/11/2024,Rawalpindi,Cosmetics,5,1485,247
10/11/2024,Rawalpindi,Groceries,28,6608,1858
11/11/2024,Faisalabad,Home Application,47,14852,3214
11/11/2024,Multan,Clothing,43,18705,2711
12/11/2024,Islamabad,Groceries,26,7072,1156
13/11/2024,Faisalabad,Clothing,10,3870,881
13/11/2024,Faisalabad,Home Application,3,648,175
15/11/2024,Rawalpindi,Footwear,4,1784,487
16/11/2024,Lahore,Electronics,8,3536,944
17/11/2024,Peshawar,Electronics,16,6976,1069
18/11/2024,Faisalabad,Cosmetics,26,10920,2032
18/11/2024,Rawalpindi,Clothing,25,8725,1951
19/11/2024,Lahore,Cosmetics,48,11424,2798
20/11/2024,Faisalabad,Electronics,21,7854,1999
21/11/2024,Faisalabad,Cosmetics,47,21667,5771
22/11/2024,Islamabad,Groceries,13,3172,621
22/11/2024,Peshawar,Groceries,37,11026,2437
23/11/2024,Karachi,Clothing,35,16310,2856
24/11/2024,Sargodha,Clothing,31,13206,1645
26/11/2024,Islamabad,Clothing,30,9480,2204
26/11/2024,Islamabad,Groceries,14,3934,1070
03/12/2024,Sargodha,Home Application,38,14364,4144
03/12/2024,Karachi,Home Application,30,6780,2028
03/12/2024,Islamabad,Footwear,28,11900,3248
05/12/2024,Lahore,Cosmetics,11,2541,428
05/12/2024,Multan,Footwear,40,10560,1895
05/12/2024,Islamabad,Clothing,18,6426,1314
07/12/2024,Faisalabad,Cosmetics,35,8190,1893
07/12/2024,Rawalpindi,Electronics,25,5500,843
08/12/2024,Rawalpindi,Cosmetics,24,4944,698
09/12/2024,Multan,Clothing,26,11440,3126
09/12/2024,Multan,Electronics,33,7029,1261
10/12/2024,Peshawar,Home Application,46,9568,1262
10/12/2024,Islamabad,Groceries,13,4966,943
11/12/2024,Multan,Clothing,30,11940,2203
11/12/2024,Lahore,Electronics,2,722,158
11/12/2024,Lahore,Footwear,22,5258,640
11/12/2024,Lahore,Groceries,11,4818,1045
13/12/2024,Lahore,Footwear,2,810,111
14/12/2024,Karachi,Cosmetics,6,1476,258
14/12/2024,Karachi,Footwear,36,7668,794
14/12/2024,Peshawar,Cosmetics,41,16933,2641
14/12/2024,Multan,Electronics,5,1730,405
16/12/2024,Rawalpindi,Clothing,12,4224,554
17/12/2024,Islamabad,Electronics,49,12495,2441
17/12/2024,Peshawar,Groceries,12,5748,1100
19/12/2024,Multan,Home Application,37,12210,2128
20/12/2024,Faisalabad,Groceries,17,5015,636
24/12/2024,Rawalpindi,Home Application,33,12375,3592
24/12/2024,Islamabad,Footwear,39,16848,3459
25/12/2024,Lahore,Footwear,36,13500,2193
25/12/2024,Rawalpindi,Home Application,46,16192,2442
25/12/2024,Lahore,Cosmetics,43,10148,2300
25/12/2024,Sargodha,Clothing,9,2439,462
25/12/2024,Karachi,Clothing,34,8126,1782
29/12/2024,Peshawar,Home Application,5,1845,473
30/12/2024,Lahore,Electronics,45,17685,5155
31/12/2024,Lahore,Electronics,10,100000,20000
